<dependencies>
  <packages>
    <package>com.google.android.gms:play-services-ads:22.0.0</package>
    <package>com.google.android.ump:user-messaging-platform:2.0.0</package>
    <package>com.onesignal:OneSignal:[4.8.6]</package>
  </packages>
  <files>
    <file>Assets/Plugins/Android/androidx.activity.activity-1.2.4.aar</file>
    <file>Assets/Plugins/Android/androidx.annotation.annotation-1.2.0.jar</file>
    <file>Assets/Plugins/Android/androidx.annotation.annotation-experimental-1.1.0.aar</file>
    <file>Assets/Plugins/Android/androidx.appcompat.appcompat-1.3.1.aar</file>
    <file>Assets/Plugins/Android/androidx.appcompat.appcompat-resources-1.3.1.aar</file>
    <file>Assets/Plugins/Android/androidx.arch.core.core-common-2.1.0.jar</file>
    <file>Assets/Plugins/Android/androidx.arch.core.core-runtime-2.1.0.aar</file>
    <file>Assets/Plugins/Android/androidx.asynclayoutinflater.asynclayoutinflater-1.0.0.aar</file>
    <file>Assets/Plugins/Android/androidx.browser.browser-1.6.0-alpha01.aar</file>
    <file>Assets/Plugins/Android/androidx.cardview.cardview-1.0.0.aar</file>
    <file>Assets/Plugins/Android/androidx.collection.collection-1.1.0.jar</file>
    <file>Assets/Plugins/Android/androidx.concurrent.concurrent-futures-1.0.0.jar</file>
    <file>Assets/Plugins/Android/androidx.coordinatorlayout.coordinatorlayout-1.0.0.aar</file>
    <file>Assets/Plugins/Android/androidx.core.core-1.6.0.aar</file>
    <file>Assets/Plugins/Android/androidx.cursoradapter.cursoradapter-1.0.0.aar</file>
    <file>Assets/Plugins/Android/androidx.customview.customview-1.0.0.aar</file>
    <file>Assets/Plugins/Android/androidx.documentfile.documentfile-1.0.0.aar</file>
    <file>Assets/Plugins/Android/androidx.drawerlayout.drawerlayout-1.0.0.aar</file>
    <file>Assets/Plugins/Android/androidx.fragment.fragment-1.3.6.aar</file>
    <file>Assets/Plugins/Android/androidx.interpolator.interpolator-1.0.0.aar</file>
    <file>Assets/Plugins/Android/androidx.legacy.legacy-support-core-ui-1.0.0.aar</file>
    <file>Assets/Plugins/Android/androidx.legacy.legacy-support-core-utils-1.0.0.aar</file>
    <file>Assets/Plugins/Android/androidx.legacy.legacy-support-v4-1.0.0.aar</file>
    <file>Assets/Plugins/Android/androidx.lifecycle.lifecycle-common-2.3.1.jar</file>
    <file>Assets/Plugins/Android/androidx.lifecycle.lifecycle-livedata-2.1.0.aar</file>
    <file>Assets/Plugins/Android/androidx.lifecycle.lifecycle-livedata-core-2.3.1.aar</file>
    <file>Assets/Plugins/Android/androidx.lifecycle.lifecycle-runtime-2.3.1.aar</file>
    <file>Assets/Plugins/Android/androidx.lifecycle.lifecycle-service-2.1.0.aar</file>
    <file>Assets/Plugins/Android/androidx.lifecycle.lifecycle-viewmodel-2.3.1.aar</file>
    <file>Assets/Plugins/Android/androidx.lifecycle.lifecycle-viewmodel-savedstate-2.3.1.aar</file>
    <file>Assets/Plugins/Android/androidx.loader.loader-1.0.0.aar</file>
    <file>Assets/Plugins/Android/androidx.localbroadcastmanager.localbroadcastmanager-1.0.0.aar</file>
    <file>Assets/Plugins/Android/androidx.media.media-1.0.0.aar</file>
    <file>Assets/Plugins/Android/androidx.print.print-1.0.0.aar</file>
    <file>Assets/Plugins/Android/androidx.room.room-common-2.2.5.jar</file>
    <file>Assets/Plugins/Android/androidx.room.room-runtime-2.2.5.aar</file>
    <file>Assets/Plugins/Android/androidx.savedstate.savedstate-1.1.0.aar</file>
    <file>Assets/Plugins/Android/androidx.slidingpanelayout.slidingpanelayout-1.0.0.aar</file>
    <file>Assets/Plugins/Android/androidx.sqlite.sqlite-2.1.0.aar</file>
    <file>Assets/Plugins/Android/androidx.sqlite.sqlite-framework-2.1.0.aar</file>
    <file>Assets/Plugins/Android/androidx.startup.startup-runtime-1.0.0.aar</file>
    <file>Assets/Plugins/Android/androidx.swiperefreshlayout.swiperefreshlayout-1.0.0.aar</file>
    <file>Assets/Plugins/Android/androidx.tracing.tracing-1.0.0.aar</file>
    <file>Assets/Plugins/Android/androidx.vectordrawable.vectordrawable-1.1.0.aar</file>
    <file>Assets/Plugins/Android/androidx.vectordrawable.vectordrawable-animated-1.1.0.aar</file>
    <file>Assets/Plugins/Android/androidx.versionedparcelable.versionedparcelable-1.1.1.aar</file>
    <file>Assets/Plugins/Android/androidx.viewpager.viewpager-1.0.0.aar</file>
    <file>Assets/Plugins/Android/androidx.work.work-runtime-2.7.0.aar</file>
    <file>Assets/Plugins/Android/com.google.android.datatransport.transport-api-3.0.0.aar</file>
    <file>Assets/Plugins/Android/com.google.android.datatransport.transport-backend-cct-3.1.7.aar</file>
    <file>Assets/Plugins/Android/com.google.android.datatransport.transport-runtime-3.1.7.aar</file>
    <file>Assets/Plugins/Android/com.google.android.gms.play-services-ads-22.1.0.aar</file>
    <file>Assets/Plugins/Android/com.google.android.gms.play-services-ads-base-22.1.0.aar</file>
    <file>Assets/Plugins/Android/com.google.android.gms.play-services-ads-identifier-18.0.0.aar</file>
    <file>Assets/Plugins/Android/com.google.android.gms.play-services-ads-lite-22.1.0.aar</file>
    <file>Assets/Plugins/Android/com.google.android.gms.play-services-appset-16.0.2.aar</file>
    <file>Assets/Plugins/Android/com.google.android.gms.play-services-base-18.2.0.aar</file>
    <file>Assets/Plugins/Android/com.google.android.gms.play-services-basement-18.1.0.aar</file>
    <file>Assets/Plugins/Android/com.google.android.gms.play-services-cloud-messaging-17.0.1.aar</file>
    <file>Assets/Plugins/Android/com.google.android.gms.play-services-measurement-base-20.1.2.aar</file>
    <file>Assets/Plugins/Android/com.google.android.gms.play-services-measurement-sdk-api-20.1.2.aar</file>
    <file>Assets/Plugins/Android/com.google.android.gms.play-services-stats-17.0.2.aar</file>
    <file>Assets/Plugins/Android/com.google.android.gms.play-services-tasks-18.0.2.aar</file>
    <file>Assets/Plugins/Android/com.google.android.ump.user-messaging-platform-2.0.0.aar</file>
    <file>Assets/Plugins/Android/com.google.errorprone.error_prone_annotations-2.9.0.jar</file>
    <file>Assets/Plugins/Android/com.google.firebase.firebase-annotations-16.1.0.jar</file>
    <file>Assets/Plugins/Android/com.google.firebase.firebase-common-20.1.2.aar</file>
    <file>Assets/Plugins/Android/com.google.firebase.firebase-components-17.0.1.aar</file>
    <file>Assets/Plugins/Android/com.google.firebase.firebase-datatransport-18.1.6.aar</file>
    <file>Assets/Plugins/Android/com.google.firebase.firebase-encoders-17.0.0.jar</file>
    <file>Assets/Plugins/Android/com.google.firebase.firebase-encoders-json-18.0.0.aar</file>
    <file>Assets/Plugins/Android/com.google.firebase.firebase-encoders-proto-16.0.0.jar</file>
    <file>Assets/Plugins/Android/com.google.firebase.firebase-iid-interop-17.1.0.aar</file>
    <file>Assets/Plugins/Android/com.google.firebase.firebase-installations-17.0.2.aar</file>
    <file>Assets/Plugins/Android/com.google.firebase.firebase-installations-interop-17.0.2.aar</file>
    <file>Assets/Plugins/Android/com.google.firebase.firebase-measurement-connector-19.0.0.aar</file>
    <file>Assets/Plugins/Android/com.google.firebase.firebase-messaging-23.0.8.aar</file>
    <file>Assets/Plugins/Android/com.google.guava.listenablefuture-1.0.jar</file>
    <file>Assets/Plugins/Android/com.onesignal.OneSignal-4.8.6.aar</file>
    <file>Assets/Plugins/Android/javax.inject.javax.inject-1.jar</file>
    <file>Assets/Plugins/Android/org.jetbrains.annotations-13.0.jar</file>
    <file>Assets/Plugins/Android/org.jetbrains.kotlin.kotlin-stdlib-1.4.32.jar</file>
    <file>Assets/Plugins/Android/org.jetbrains.kotlin.kotlin-stdlib-common-1.4.32.jar</file>
    <file>Assets/Plugins/Android/org.jetbrains.kotlin.kotlin-stdlib-jdk7-1.4.32.jar</file>
  </files>
  <settings>
    <setting name="androidAbis" value="arm64-v8a,armeabi-v7a" />
    <setting name="bundleId" value="com.DotmobStudio.Sudoku" />
    <setting name="explodeAars" value="True" />
    <setting name="gradleBuildEnabled" value="True" />
    <setting name="gradlePropertiesTemplateEnabled" value="False" />
    <setting name="gradleTemplateEnabled" value="False" />
    <setting name="installAndroidPackages" value="True" />
    <setting name="localMavenRepoDir" value="Assets/GeneratedLocalRepo" />
    <setting name="packageDir" value="Assets/Plugins/Android" />
    <setting name="patchAndroidManifest" value="True" />
    <setting name="patchMainTemplateGradle" value="True" />
    <setting name="projectExportEnabled" value="False" />
    <setting name="useFullCustomMavenRepoPathWhenExport" value="True" />
    <setting name="useFullCustomMavenRepoPathWhenNotExport" value="False" />
    <setting name="useJetifier" value="True" />
  </settings>
</dependencies>